{
  "volume": 0.6992272,
  "realtime_source_latency": 459.1053466796875,
  "dbap_rolloff_db": 4.0
}