{
  "volume": 0.49783117,
  "realtime_source_latency": 138.29226684570313,
  "is_open": false
}